name ,price ,qualifi,dateF 
TOPLIVING Centro de Entretenimiento Mesa Minimalista con Cajonera para TV Mesa de Centro Moderno (Cafe),"1,999.",4.4 de 5 estrellas,"jueves, 21 de septiembre"
"ECHIGOYA Estantería para Libros de 3 Niveles, Librero Minimalista Moderno Pequeño, Estantes Organizadores de Almacenamiento Abiertos con Rústico MDF, para Sala de Estar y Cocina",999.,5.0 de 5 estrellas,"martes, 19 de septiembre"
"VELI Mesa de Entrada, Mesa Consola de 100 cm, Librería Industrial con Marco metálico, Estantería Industrial Perfecto como Zapatero, Estante de Oficina, Estante de Cocina, Mueble de TV (Gris)","1,299.",4.6 de 5 estrellas,"martes, 19 de septiembre"
Amazon Basics - Carrito rodante de metal de 3 niveles,963.,4.7 de 5 estrellas,Sin fecha
"Amazon Basics - Estante de 4 repisas, cromo","1,397.",4.7 de 5 estrellas,Sin fecha
Amazon Basics - Organizador colgante de 6 niveles con bolsillos,379.,4.5 de 5 estrellas,Sin fecha
"Amazon Basics - Carrito de cocina o utilitario rodante de 3 niveles, color carbón","1,049.",4.8 de 5 estrellas,Sin fecha
Amazon Basics - Estante apilable de almacenamiento de 2 niveles,887.,4.5 de 5 estrellas,Sin fecha
"Amazon Basics - Silla de oficina clásica de piel sintética con marco de metal, color negro","2,999.",4.4 de 5 estrellas,Sin fecha
"Amazon Basics - Classic Puresoft PU Silla de escritorio acolchada con respaldo medio y reposabrazos, color marrón","3,060.",4.4 de 5 estrellas,Sin fecha
"MOLORATE Mesa para Cama, Mesita de Noche Moderna de 3 Pisos con Cajones y Piernas, Elegante Mueble de Dormitorio",759.,0,"mañana, 18 de septiembre"
"NUSKON Armario de Almacenamiento de Baño Pequeño con Puertas y Estantes, Delgado y Estrecho Organizador de Papel Higiénico, Gabinete de Almacenamiento de Papel Higiénico con Puertas",499.,4.2 de 5 estrellas,"mañana, 18 de septiembre"
"FurnitureR Estante de Exhibición Independiente, Estante de Almacenamiento de 4 Cubos con 2 Puertas, Gabinete de Almacenamiento para Libros, Fotos, para La Vida En El Hogar, Industrial Negro","1,499.",4.5 de 5 estrellas,"mañana, 18 de septiembre"
"TECHVIDA 120 x 60 x 35 cm mueble soporte para microondas de acero inoxidable,Carrito de Almacenamiento Estantes de Metal de 4 Niveles con Estantes Ajustables y Ruedas Giratorias para Cocina, Recámara","1,099.",3.5 de 5 estrellas,"mañana, 18 de septiembre"
"Buró Zawa Mueble para recámara Moderno Color Blanco, Estilo Minimalista, 61.5 cm Altura x 31cm Ancho x 29 cm Fondo. Mesa Auxiliar de Almacenamiento Tipo Librero o Armario para Organizar.","1,090.",4.3 de 5 estrellas,"mañana, 18 de septiembre"
SELECTSHOP Zapatera Organizador con 16 Espacios Mueble Organizador Multiusos con Cajones Versatiles 148 Cm Waterproof Cajas De Almacenamiento Blanco,749.,4.3 de 5 estrellas,"mañana, 18 de septiembre"
"VELI Estante de Libros, Estante Organizador 3 Niveles, Librería Industrial de Metal, Estantería de Almacenamiento Industrial, Estante de Cocina, Oficina y Sala de Estar (Gris/60 * 40 * 68cm)",799.,4.9 de 5 estrellas,"martes, 19 de septiembre"
"LHChan Zapatero Metalico Multifuncional Entrada Recibidor Actualizado,Zapatera Organizador Modernos de Gran Espacio, 2 en 1 Estanteria Negro Zapatos con Perchero de 5 Niveles de 8 Ganchos",349.,4.2 de 5 estrellas,"mañana, 18 de septiembre"
"SOZOMO 9 Cubos Estantería de Almacenamiento,Estante Organizador Multiusos Libros,Estantería Modular,Organizadores de Armario,para Libros,Ropa,Juguetes,Almacenamiento de Muebles del Hogar",449.,4.2 de 5 estrellas,"mañana, 18 de septiembre"
"FurnitureR Estación de Gabinete de Café de Madera para el Hogar, Gabinete de Almacenamiento de Buffet de Cocina Industrial con Puerta de Metal Estantes Abiertos, Tablero de Madera Extra Grueso Negro","1,899.",4.4 de 5 estrellas,"miércoles, 20 de septiembre"
"Estante de zapatos multifunción OfleGold Perchero, combinación multicapa de 5 niveles 60 cm de portazapatos integrado de aterrizaje estante de almacenamiento simple para el hogar",299.,0,"martes, 19 de septiembre"
MUBSON Credenza para Sala o Recamara con Triple Repisa. Mueble para TV. Estante Organizador de Madera MDF. Credenzas Modernas. Bufetera Rustica Urzal para Sala 140x34x70 cm. Mueble para Sala,"2,690.",4.8 de 5 estrellas,"mañana, 18 de septiembre"
"SONGMICS Torre de Almacenamiento rústica con 5 cajones de Tela, Parte Delantera y Superior de Madera, para Sala de Estar, Pasillo, guardería, Color Verde","1,349.",4.2 de 5 estrellas,"martes, 19 de septiembre"
"MCSWSEE Carrito de Almacenamiento de Metal con 3 Niveles, Estantes de Almacenamiento en 2 Ruedas con Cerradura, Organizador de Utilidad, Fácil Montaje, Ahorrar Espacio, para Oficina, Cocina, Recámara",493.,4.5 de 5 estrellas,"mañana, 18 de septiembre"
"PLAYCON Base de TV,Organizador Para Estancia, 122 x 30 x 48 cm, Dos Espacios Organizadores sin respaldo, Un Espacio Organizador con Respaldo , Patas Metálicas Forradas, Tablero Laminado Texturizado (Negro Tzalam)","1,673.",4.2 de 5 estrellas,"martes, 19 de septiembre"
Komfort Repisa de Baño Estante 3 Niveles Color Blanco,399.,4.2 de 5 estrellas,"miércoles, 20 de septiembre"
"MAGMALIFE Moderna Zapatera Minimalista de Madera y Metal, Zapatera Compacta con 3 Niveles Metálicos y 1 Repisa con Acabado tipo Madera, Metal de Alta Resistencia, Fácil de Armar",799.,4.7 de 5 estrellas,"mañana, 18 de septiembre"
"TOPLIVING Librero Estante Estilo Rustico para Recamara Sala u Oficina con 4 Entrepaños, Estantería de Exhibición Resistente Multiusos con 4 Repisas Color Café",899.,4.1 de 5 estrellas,"martes, 19 de septiembre"
"MU:4LIFE Cómoda Bambú De 3 Cajones Almacenamiento para Hogar Y Oficina, Organizador Cajonera De Estructura Bambú y Cajones De Tela Lino Poliéster y Tela No Tejida (Lino, 3 Niveles Y 3 Cajones)","1,499.",4.7 de 5 estrellas,"mañana, 18 de septiembre"
"FurnitureR Gabinete de Piso para Baño, Organizador de Almacenamiento para Baño, Soporte para Estante, Unidad de Esquina Multifuncional, 3 Cajones, Estilo Nórdico Escandinavo, Fácil Montaje, Blanco","1,899.",4.7 de 5 estrellas,"mañana, 18 de septiembre"
"SPOWAY 9 Cubos Estantería de Almacenamiento, Estante Organizador Multiusos Libros, Estantería Portátil para Bricolaje para Dormitorio Oficina Sala de Estar Almacenamiento de Muebles del Hogar (Gris)",399.,4.3 de 5 estrellas,"mañana, 18 de septiembre"
"MORU Mueble de TV Tokyo Moderno Blanco Minimalista para casa, recamara u Oficina, 41 cm Altura x 108 cm Ancho x 40 cm Fondo. Mesa Auxiliar de Almacenamiento Tipo Librero o Armario para Organizar.","1,192.",4.3 de 5 estrellas,"martes, 19 de septiembre"
Kingshouse | Mueble Rack Multiusos de Cocina Moderno - Estante Organizador con 1 Repisa y Cajón - Ideal para Horno Microondas - Blanco - Almacenamiento Cocina Hogar,"1,424.",4.2 de 5 estrellas,"sábado, 30 de septiembre"
"CASA LITUS Mesa Auxiliar de Madera con Ruedas y Doble Superficie, Mesita Lateral Portátil para Sala, Hasta 20 kg, Mesa de Noche tipo Grapa, Mesa para Laptop, Mesa de Servicio para Café, Fácil de Armar",899.,4.3 de 5 estrellas,"mañana, 18 de septiembre"
"MORU Mueble de TV Zen Moderno Blanco Minimalista para casa, recamara u Oficina, 46 cm Altura x 120 cm Ancho x 40 cm Fondo. Mesa Auxiliar de Almacenamiento Tipo Librero o Armario para Organizar.","1,989.",4.1 de 5 estrellas,"miércoles, 20 de septiembre"
"MU:4LIFE Cómoda De 5 Cajones con Balda Almacenamiento para Hogar Y Oficina, Organizador Cajonera De Estructura Metal y Cajones De Tela No Tejida y Tabla MDF","2,249.",4.6 de 5 estrellas,"mañana, 18 de septiembre"
"PLAYCON Estante Organizador, 122.2x61.8x29.9 cm, 3 Niveles, Estructura Metálica, Tablero Laminado Acabado Texturizado (Tzalam)","1,797.",4.5 de 5 estrellas,"jueves, 21 de septiembre"
"Librero Kiwi Mueble para Casa u Oficina Moderno Color Blanco, Estilo Minimalista, 111 cm Altura x 40 cm Ancho x 30 cm Fondo. Mesa Auxiliar de Almacenamiento Tipo Archivero o Armario para Organizar.",809.,4.7 de 5 estrellas,"mañana, 18 de septiembre"
Ikea's antilop Mueble para TV Televisión - Mueble para Sala para Colocar Cuadros Decorativos y más - Mesa Centro de Entretenimiento para Juegos con Repisa o Entrepaño.,999.,4.5 de 5 estrellas,"martes, 19 de septiembre"
"MCSWKEY Estantería de Libros, 4 Niveles Hogar de Estantería de Almacenamiento de Metal Libros con Baldas de Malla, Estantería Moderno en Forma de Escalera, Estantería de Almacenamiento de Hogar",898.,4.4 de 5 estrellas,"martes, 19 de septiembre"
"MU:4LIFE Cómoda De 5 Cajones Almacenamiento para Hogar Y Oficina, Organizador Cajonera De Estructura Metal y Cajones De Tela Lino Poliéster y Tela No Tejida (Café Mixto)","1,899.",4.7 de 5 estrellas,"martes, 19 de septiembre"
"Carrito de Almacenamiento de Metal con 3 Niveles,Organizador de utilidades,Muebles Organizadores,estantes de Almacenamiento en 2 Ruedas con Cerradura para Cocina, baño,Oficina,Dormitorio（Negro）",699.,4.7 de 5 estrellas,"mañana, 18 de septiembre"
"VASAGLE - Soporte de TV moderno para televisores de hasta 65 pulgadas, centro de entretenimiento de 3 niveles, mesa de consola industrial con estantes de almacenamiento abiertos, para sala de estar, recámara, café rústico y negro ULTV097B01","2,549.",4.7 de 5 estrellas,"mañana, 18 de septiembre"
"Bluelander Carrito Organizador de Metal de 3 Niveles con Cesta, 2 Ruedas con Cerradura, Asas, Montaje Fácil, Ahorro de Espacio para Cocina, Baño, Oficina, Recámara, Lavandería (Blanco)",599.,4.2 de 5 estrellas,"mañana, 18 de septiembre"
"MU:4LIFE Cómoda De 2 Cajones con Balda Almacenamiento para Hogar Y Oficina, Centros De Entretenimiento para Multimedia, Estructura Metal y Cajones De Tela No Tejida y Tabla MDF (Nogal)","1,444.",5.0 de 5 estrellas,"mañana, 18 de septiembre"
"VASAGLE Mesa Consola con Marcos curvados y 2 estantes Abiertos, para Pasillo, Entrada, Sala de Estar, café rústico + Negro","1,599.",4.6 de 5 estrellas,"martes, 19 de septiembre"
"SPOWAY 12 Cubos Estantería de Almacenamiento, Estante Organizador Multiusos Libros Estantería Portátil para Bricolaje Juguetes Libros Ropa para Dormitorio Oficina Sala de Estar Almacenamiento de Muebles del Hogar (Gris)",549.,4.2 de 5 estrellas,"viernes, 22 de septiembre"
"SoBuy BZR34-W Mueble Columna de baño, Armario para baño Alto,estanterías de baño-2 Puertas y 1 cajón H 180 cm",$0,4.5 de 5 estrellas,Sin fecha
"AVEDISTANTE Estante de Almacenamiento Tridimensional,4 Cubos Estantería de Almacenamiento con respaldo de tela,estantería,gabinete de refrigerios,taquillas multifuncionales,aplicaciones multiescenario",279.,4.2 de 5 estrellas,"mañana, 18 de septiembre"
Kingshouse | Cómoda Cajonera con 4 Cajones – Tela Polipropileno – 45x30x92.5 cm – Estructura de Acero – Tablero de Madera MDF – Mueble Organizador para Recámara – Hogar,"1,129.",4.7 de 5 estrellas,"martes, 19 de septiembre"
"ANNA TOSANI Rejilla Ajustable para Horno Soporte para Microondas, 4 Niveles Carrito de Almacenamiento Estantes de Metal con Estantes Ajustables y Ruedas Giratorias, para Cocina, Recámara, Lavandería",999.,4.3 de 5 estrellas,"mañana, 18 de septiembre"
"SONGMICS Armario Modular, Armario 16 Cubos, Zapatero Modular, Cubos Apilables, Estante de Plástico PP, Divisor Armario, para Dormitorio, Oficina, Blanco MLPC44L",999.,4.6 de 5 estrellas,"mañana, 18 de septiembre"
"SoBuy Armario Auxiliar Multiusos de Pared,Armario Suspendido con 2 Puertas,Blanco,L60 x H 60 cm,FRG231-W","1,799.",4.3 de 5 estrellas,"martes, 19 de septiembre"
"GOMYHOME Estantes Organizadores Alacena de Almacenamiento para Horno Microondas Alacena Cocina de 4 Capas Gabinete Cocina de Madera Multiusos para Cocina para el Hogar, 170 cm Height, Marrón","2,499.",4.7 de 5 estrellas,"martes, 19 de septiembre"
"Armario de Baño Pared, Gabinete de Pared para Baño con Estante Abierto y Toallero Armario de Pared de Baño con Puerta Doble Mueble de Pared de Baño Armario de Baño Montado en la Pared Blanco",879.,3.6 de 5 estrellas,"mañana, 18 de septiembre"
Kingshouse | Cómoda Cajonera con 4 Cajones – Tela Polipropileno – 45x30x92.5 cm – Estructura de Acero – Tablero de Madera MDF – Mueble Organizador para Recámara – Hogar,"1,129.",4.7 de 5 estrellas,"martes, 19 de septiembre"
"MTQ 9 Cubos Estantería de Almacenamiento, Estante Organizador Multiusos Libros, Estantería Portátil para Bricolaje para Dormitorio Oficina Sala de Estar Almacenamiento de Muebles del Hogar (Gris)",399.,4.1 de 5 estrellas,"mañana, 18 de septiembre"
"Mueble para Zapatos con Cubierta Organizadora Zapatos 9 Niveles con Cubierta,Compuesto de Estructuras de Acero, Gabinete de Almacenamiento de Zapatos No Tejido,Tela y Conectores de Plástico (Gris)",319.,4.1 de 5 estrellas,"mañana, 18 de septiembre"
"SPOWAY Estante de Baño sobre Inodoro, 3 Niveles Estante de Almacenamiento para Baño sobre el Inodoro de Ajustables con Ganchos y Portarrollos, Estante de Baño con Toallero para Baño Cocina (Blanco)",599.,4.5 de 5 estrellas,"martes, 19 de septiembre"
"ABENNLY 9 Cubos Estantería de Almacenamiento, Libreros y Estantes Modernos, Organizador de armarios, Estantería Modular de Almacenamiento, para Recámara, Oficina, Sala de Estar etc (Negro)",404.,4.1 de 5 estrellas,"mañana, 18 de septiembre"
"ARREDAMENTI Mueble de Baño Montado en la Pared con 2 Estantes y 2 Toalleros, Botiquín con 2 Puertas, Gabinete de Almacenamiento sobre el Inodoro Marrón Rústico","1,199.",4.3 de 5 estrellas,"martes, 19 de septiembre"
"ANNTHOR Estante de Inodoro de 3 Niveles, Estante de Baño sobre Inodoro con Ganchos, Estanteria de Pie para Baño, de Acero Inoxidable, Estante de Baño con Toallero, Ahorro de Espacio",759.,2.0 de 5 estrellas,"martes, 19 de septiembre"
"Estante de Toallas,Repisas de Toalla para Baño,Toallero de pared,Organizador de baño con barra y 5 ganchos, plegable 90°, sin taladrar,Accesorios para guardar toallas en baños y cocinas (Plata)",399.,0,"mañana, 18 de septiembre"
TOPLIVING Comoda con Cajones Almacenamiento para Hogar Oficina Organizador Ropero de Madera Tocador Minimalista,"2,399.",4.2 de 5 estrellas,"miércoles, 20 de septiembre"
"SOZOMO 6 Cubos Estantería de Almacenamiento,Gabinete de Almacenamiento,Estante Organizador Multiusos Libros,Organizadores de Armario,Librero Organizador,para Libros,Ropa,Juguetes,etc (Negro)",298.,0,"mañana, 18 de septiembre"
"MU:4LIFE Cómoda De 6 Cajones Almacenamiento para Hogar Y Oficina, Organizador Cajonera De Estructura Metal y Cajones De Tela No Tejida y Tabla MDF (Nogal)","2,099.",4.2 de 5 estrellas,"mañana, 18 de septiembre"
"Casa Litus Librero Organizador Minimalista de Madera y Acero Inoxidable de 5 Repisas, Estante Organizador Multiusos hasta 80 Kg, Ideal para Libros, Cómics, Películas, Videojuegos, Vinilos y más","1,899.",4.6 de 5 estrellas,"mañana, 18 de septiembre"
Estante de regadera - Estante organizador multiusos - Esquinero de baño - Incluye 2 estantes y 2 jaboneras - Estante de ducha - Fácil instalación - Esponja de regalo (Dorado Triangular),349.,4.6 de 5 estrellas,"martes, 19 de septiembre"
"MUBSON Cajonera con Cajones y Repisas para Recamara, Baño o Estudio. Comoda con Resistencia de 100 Kg. Tocador Multiusos. Mesa para TV. Dresser Furniture (6 Cajones)","2,499.",5.0 de 5 estrellas,"mañana, 18 de septiembre"
"SONGMICS Carrito Auxiliar con Ruedas de 4 Niveles, Carrito Cocina Plástico, Carrito Estrecho de Almacenamiento, Ahorra Espacio, para Baño, Cocina, Oficina, 42 x 13,5 x 87 cm, Blanco MKSC08WT",459.,4.6 de 5 estrellas,"mañana, 18 de septiembre"
"Closet Zapatera Minimalista Armario Organizador Multifuncional Armable/Almacenamiento para Zapatos (Café, 9 niveles)",279.,4.5 de 5 estrellas,"miércoles, 20 de septiembre"
"ARREDAMENTI Mueble de Baño Mueble de Piso, Mueble de Almacenamiento Independiente, con 2 Puertas y 1 Cajón, Estante Ajustable, Estilo Nórdico Escandinavo, Fácil Montaje, Blanco","1,959.",4.3 de 5 estrellas,"martes, 19 de septiembre"
Hanie Design Piso Modular Para Jardín Exterior en Madera Acacia (cubre 0.93 metros cuadrados) Contiene 10 cuadros de 31 x 31 cm cada uno.,953.,3.9 de 5 estrellas,"mañana, 18 de septiembre"
"VASAGLE Estantería de Almacenamiento de 4 Niveles, Marco de Acero, Altura de 120 cm, para Sala de Estar, Oficina, Estudio, Pasillo, Estilo Industrial, Marrón Rústico y Negro MLLS60BX","1,299.",4.7 de 5 estrellas,"martes, 19 de septiembre"
"Furinno Luder Estante Abierto Reversible de 5 Cubos, Blanco","1,929.",4.2 de 5 estrellas,"jueves, 21 de septiembre"
"VASAGLE ULTV095B01 - Soporte para TV de hasta 70 pulgadas, mesa de TV, centro de entretenimiento, consola de TV de 3 niveles, marco de acero, estilo industrial, para salón, color marrón rústico y negro","2,699.",4.7 de 5 estrellas,"lunes, 25 de septiembre"
"MCSWKEY Estantería de Libros, 4 Niveles Hogar de Estantería de Almacenamiento de Metal Libros con Baldas de Malla, Estantería Moderno en Forma de Escalera, Estantería de Almacenamiento de Hogar",898.,4.4 de 5 estrellas,"martes, 19 de septiembre"
"NSMYOOK 5/6/7 Ft Puff Salon Moderno Puff Gamer Junior para Una Comodidad Total Sofa Grande Adulto Terciopelo Sin Relleno, B Dark gray, 6ft(150*75cm)",760.,2.8 de 5 estrellas,"miércoles, 18 de octubre"
"Estantes de Metal de 5 Niveles con Ruedas, Carrito de Utilidad, Rejilla Estantería Horno para Microondas, Soporte para Microondas, Carrito de Almacenamiento Rodante, Adecuado para Cocina","1,650.",3.3 de 5 estrellas,"mañana, 18 de septiembre"
"SONGMICS Cómoda para recámara, cómoda, cómoda de 6 cajones, cómoda de Tela de clóset con Marco de Metal, Parte Superior y Frontal de Madera, Color café y Negro ULGS23H","2,042.",4.3 de 5 estrellas,"miércoles, 20 de septiembre"
"Lifewit Carrito de Bebidas, Carro Cocina, Carrito Organizador con Ruedas con 2 Pisos y 9 Botelleros, Carro para Cocina, Comedor, Salón, Exterior, Interior, 80 x 33,2 x 87,8 cm, Oro","1,799.",4.3 de 5 estrellas,"martes, 19 de septiembre"
FurnitureR Estantería Industrial de 3 Niveles Estantes de Almacenamiento en Rack con Marco de Metal Estantería Resistente y Duradera de Color Marrón Rústico Usos Versátiles Estantería Industrial Negra,"1,679.",4.7 de 5 estrellas,"martes, 19 de septiembre"
"MU:4LIFE Banco Zapatera de Bambú, Organizador De Zapatos De 3 Niveles, Estantería Multiuso para Almacenamiento En Hogar Y Oficina, Ideal para Entrada, Pasillo Y Baño (Natural)","1,499.",5.0 de 5 estrellas,"mañana, 18 de septiembre"
"MU:4LIFE Cómoda De 5 Cajones Almacenamiento para Hogar Y Oficina, Organizador Cajonera De Estructura Metal y Cajones De Tela Lino Poliéster y Tela No Tejida (Café Mixto)","1,899.",4.7 de 5 estrellas,"martes, 19 de septiembre"
Rayuwen Estanterias De Pie para BañO Estantes sobre El Inodoro Almacenamiento Toallero Acero Inoxidable ContemporáNeo,$0,4.1 de 5 estrellas,Sin fecha
"remu Librero Toko Mueble de Casa u Oficina Moderno Blanco Minimalista, 82.5 cm Altura x 58.8 cm Ancho x 25 cm Fondo. Mesa Auxiliar de Almacenamiento Tipo Archivero o Armario para Organizar.","1,880.",4.2 de 5 estrellas,"mañana, 18 de septiembre"
"Atlas del descanso Mueble Para TV De Hasta 50 Pulgadas Estilo Nórdico y Minimalista Con 5 Espacios de Almacenamiento, Mueble TV Elaborado de MDF - 120cm x 50cm x 40cm (Blanco)","2,199.",5.0 de 5 estrellas,"jueves, 21 de septiembre"
"SONGMICS Estante de almacenamiento para niños para juguetes y libros, 9 cajas extraíbles de tela no tejida UGKR33WT",954.,4.1 de 5 estrellas,"martes, 19 de septiembre"
"MORU Mesa Auxiliar Pop Roble, Mueble de Sala de Casa u Oficina, 40 cm Altura x 50 cm Ancho x 30 cm Fondo. Mesa de Centro, Librero o Armario de Organizar Mesa de Café y Libros. Estantería de Mesa.","1,090.",4.3 de 5 estrellas,"mañana, 18 de septiembre"
"TOPLIVING Mesa Moderna con Espejo, Cajón y Espacio de Almacenamiento Ideal para Recámara Mesa de Tocador Escritorio Tocador para Recamara Minimalista Blanca","1,399.",4.1 de 5 estrellas,"mañana, 18 de septiembre"
"MUNDO IN MUEBLES Carrito de ServicioTrendy SH19, Carrito Organizador de 3 Niveles de Metal, Carrito de Almacenamiento con Ruedas, Color Blanco",589.,4.6 de 5 estrellas,"miércoles, 20 de septiembre"
"Armario de Baño Pared con Puertas Armario Colgante para Baño de Acrílico, 2 Capas Clóset de Baño Montado en Pared Organizador Gabinete de Almacenamiento de Baño con Estante Ajustable para Cocina Sala","1,399.",2.0 de 5 estrellas,"mañana, 18 de septiembre"
Kingshouse | Cómoda Cajonera con 3 Cajones – Tela Polipropileno – 45x30x71.5 cm – Estructura de Acero – Tablero de Madera MDF – Mueble Organizador para Recámara – Hogar,979.,4.6 de 5 estrellas,"sábado, 30 de septiembre"
"SONGMICS - Estante Organizador de 3 Niveles para Zapatos, 100% bambú",682.,4.7 de 5 estrellas,"mañana, 18 de septiembre"
"VASAGLE Mesa Consola con Marcos curvados y 2 estantes Abiertos, para Pasillo, Entrada, Sala de Estar, café rústico + Negro","1,599.",4.6 de 5 estrellas,"martes, 19 de septiembre"
"libros rodante 2 niveles | Librería con ruedas 2 niveles, organizador multifuncional libros para recámara, sala estar, hogar, escuela, niños, estudiantes, Hoghaki",$0,(1 oferta nueva),Sin fecha
"Bluelander Organizador de Escritorio de MDF, Ideal para la Oficina y el Hogar, Extensible con 2 Piezas Ajustables, 3 Niveles de Organización a tu Manera, Tamaño de 35 x 32 x 17 cm",319.,4.5 de 5 estrellas,"mañana, 18 de septiembre"
"YOMYM Zapatero con Cubierta, Mueble Zapatero Plástico, Zapateras Modernas Portátiles de 3 x 8 Niveles, Organizador Portátil para 48 Pares de Zapatos, Botas, Pantuflas, Estante Expandible, Blanco","1,599.",4.2 de 5 estrellas,"mañana, 18 de septiembre"
Mobi Mueble para Baño de Madera Modelo Santa Monica Color Fresno Largo 62 cm Incluye Lavabo y Llave,"3,599.",3.7 de 5 estrellas,"miércoles, 27 de septiembre"
"MCSWSEE Estante de Baño sobre Inodoro, 3 Niveles Estantes Ahorro de Espacio de Baño con Ganchos y Portarrollos, Estante de Baño con Toallero, Organizador de Almacenamiento de Baño de Ajustables",598.,4.0 de 5 estrellas,"mañana, 18 de septiembre"
"GOMYHOME Estantes Organizadores Alacena de Almacenamiento para Horno Microondas Alacena Cocina de 4 Capas Gabinete Cocina de Madera Multiusos para Cocina para el Hogar, 170 cm Height, Marrón","2,499.",4.7 de 5 estrellas,"martes, 19 de septiembre"
"LETTURE Carrito de Almacenamiento de Metal, Carrito de 4 Niveles con Ruedas, Carrito Organizador con Cerradura y Asas, Estantes de Metal para Baño, Cocina, Salón, Recámara",529.,4.1 de 5 estrellas,"mañana, 18 de septiembre"
"NETEL Estantería de Almacenamiento de 5 Niveles, Estante de Cocina con Ruedas y Almohadillas para Los Pies, Estante de Microondas, Muebles Cocina, Organizador de Cocina, Negro 70×32×145 cm","2,899.",4.7 de 5 estrellas,"miércoles, 20 de septiembre"
